SUB_NODE_NAME	KIN_NODE_NAME	SUB_MOD_RSD	SUBSTRATE	KINASE	SUB_GENE	KIN_GENE
AKT1	MAPKAP2	S473	Akt1	MAPKAPK2	AKT1	MAPKAPK2
AKT1	MTOR	S473	Akt1	mTOR	AKT1	MTOR
AKT123	MAPKAP2	S473	Akt1	MAPKAPK2	AKT1	MAPKAPK2
AKT123	MTOR	S473	Akt1	mTOR	AKT1	MTOR
MTOR	RPS6	S2448	mTOR	p70S6K	MTOR	RPS6KB1
MTOR	AKT1	S2448	mTOR	Akt1	MTOR	AKT1
MTOR	AKT123	S2448	mTOR	Akt1	MTOR	AKT1
GSK3B	RSK1T359	S9	GSK3B	p90RSK	GSK3B	RPS6KA1
GSK3B	RPS6	S9	GSK3B	p70S6K	GSK3B	RPS6KB1
GSK3B	RPS6	S9	GSK3B	p70S6K iso2	GSK3B	RPS6KB1
GSK3B	AKT1	S9	GSK3B	Akt1	GSK3B	AKT1
GSK3B	AKT123	S9	GSK3B	Akt1	GSK3B	AKT1
RB	CDC2	S807	Rb	CDK1	RB1	CDK1
RB	CDK4	S807	Rb	CDK4	RB1	CDK4
RB	CDC2	S811	Rb	CDK1	RB1	CDK1
RB	CDK4	S811	Rb	CDK4	RB1	CDK4
CJUN	ERK12	S73	Jun	ERK1	JUN	MAPK3
CJUN	ERK12	S73	Jun	ERK2	JUN	MAPK1
CJUN	JNK	S73	Jun	JNK1	JUN	MAPK8
FAK	SRC	Y397	FAK	Src	PTK2	SRC
STAT1	SRC	Y701	STAT1	Src	STAT1	SRC
STAT1	JAK1	Y701	STAT1	JAK1	STAT1	JAK1
STAT3	GSK3B	S727	STAT3	GSK3B	STAT3	GSK3B
STAT3	P38	S727	STAT3	P38A	STAT3	MAPK14
STAT3	P38D	S727	STAT3	P38A	STAT3	MAPK14
STAT3	JNK	S727	STAT3	JNK1	STAT3	MAPK8
STAT5	SRC	Y694	STAT5A	Src	STAT5A	SRC
STAT5	JAK1	Y694	STAT5A	JAK1	STAT5A	JAK1
LRP6	ERK12	S1490	LRP6	ERK1	LRP6	MAPK3
LRP6	GSK3B	S1490	LRP6	GSK3B	LRP6	GSK3B
P38	MKK36	T180	P38A	MKK6	MAPK14	MAP2K6
P38	MKK36	T180	P38A	MKK3	MAPK14	MAP2K3
P38	MKK36	Y182	P38A	MKK6	MAPK14	MAP2K6
P38	MKK36	Y182	P38A	MKK3	MAPK14	MAP2K3
P38D	MKK36	T180	P38A	MKK6	MAPK14	MAP2K6
P38D	MKK36	T180	P38A	MKK3	MAPK14	MAP2K3
P38D	MKK36	Y182	P38A	MKK6	MAPK14	MAP2K6
P38D	MKK36	Y182	P38A	MKK3	MAPK14	MAP2K3
MAPKAP2	P38	T334	MAPKAPK2	P38A	MAPKAPK2	MAPK14
MAPKAP2	P38D	T334	MAPKAPK2	P38A	MAPKAPK2	MAPK14
MAPKAP2	ERK12	T334	MAPKAPK2	ERK2	MAPKAPK2	MAPK1
IKBA	RSK1T359	S32	IkB-alpha	p90RSK	NFKBIA	RPS6KA1
H3	AKT123	S10	H3	Akt2	HIST1H3A	AKT2
